{"cameraMode":{"drawMode":0,"name":"Shaded","section":"Shading Mode"},"sceneLighting":true,"audioPlay":false,"sceneViewState":{"m_AlwaysRefresh":false,"showFog":true,"showSkybox":true,"showFlares":true,"showImageEffects":true,"showParticleSystems":true,"showVisualEffectGraphs":true,"m_FxEnabled":true},"in2DMode":false,"pivot":{"x":3.1853606700897219,"y":44.2272834777832,"z":3.826836347579956},"rotation":{"x":0.4763139486312866,"y":0.011078252457082272,"z":-0.006002430338412523,"w":0.8791886568069458},"size":20.960939407348634,"orthographic":false}